Rk,Player,Age,Team,Pos,G,GS,MP,FG,FGA,FG%,3P,3PA,3P%,2P,2PA,2P%,eFG%,FT,FTA,FT%,ORB,DRB,TRB,AST,STL,BLK,TOV,PF,PTS,ORtg,DRtg,Awards
1.0,Monta Ellis,25.0,GSW,SG,80.0,80.0,3227.0,11.4,25.3,0.451,2.1,5.9,0.361,9.2,19.3,0.478,0.493,5.3,6.8,0.789,0.7,3.7,4.4,7.1,2.6,0.4,4.0,3.2,30.3,107.0,112.0,
2.0,LaMarcus Aldridge,25.0,POR,PF,81.0,81.0,3211.0,12.0,24.1,0.5,0.1,0.4,0.174,12.0,23.7,0.505,0.501,6.0,7.5,0.791,4.7,7.3,12.1,2.9,1.4,1.6,2.6,3.7,30.1,114.0,107.0,NBA3
3.0,Luol Deng,25.0,CHI,SF,82.0,82.0,3208.0,8.8,19.1,0.46,1.9,5.5,0.345,6.9,13.6,0.506,0.51,4.2,5.6,0.753,1.9,6.0,7.9,3.8,1.3,0.8,2.6,2.7,23.7,111.0,102.0,DPOY-10
4.0,Dorell Wright,25.0,GSW,SF,82.0,82.0,3147.0,7.8,18.4,0.423,3.1,8.3,0.376,4.7,10.1,0.462,0.508,2.9,3.7,0.789,1.4,5.5,6.9,3.9,2.0,1.0,2.1,2.8,21.6,110.0,111.0,
5.0,Blake Griffin,21.0,LAC,PF,82.0,82.0,3112.0,11.6,22.9,0.506,0.1,0.4,0.292,11.4,22.5,0.51,0.508,7.4,11.5,0.642,4.5,11.9,16.4,5.2,1.0,0.7,3.7,4.2,30.7,111.0,107.0,"MVP-10,ROY-1,AS"
6.0,LeBron James,26.0,MIA,SF,79.0,79.0,3063.0,13.1,25.6,0.51,1.6,4.8,0.33,11.5,20.8,0.552,0.541,8.7,11.4,0.759,1.4,8.8,10.2,9.6,2.1,0.9,4.9,2.8,36.4,116.0,102.0,"MVP-3,DPOY-9,AS,NBA1"
7.0,Kevin Durant,22.0,OKC,SF,78.0,78.0,3038.0,12.1,26.2,0.462,2.5,7.1,0.35,9.6,19.2,0.504,0.509,10.1,11.5,0.88,1.0,8.1,9.1,3.6,1.5,1.3,3.7,2.7,36.8,115.0,107.0,"MVP-5,AS,NBA1"
8.0,Pau Gasol,30.0,LAL,C,82.0,82.0,3037.0,10.3,19.5,0.529,0.0,0.1,0.333,10.3,19.5,0.53,0.53,6.2,7.5,0.823,4.7,9.9,14.6,4.8,0.8,2.3,2.5,3.5,26.8,123.0,103.0,"AS,NBA2"
9.0,Derrick Rose,22.0,CHI,PG,81.0,81.0,3026.0,12.5,28.0,0.445,2.2,6.8,0.332,10.2,21.3,0.481,0.485,8.4,9.7,0.858,1.4,4.4,5.8,10.9,1.5,0.9,4.9,2.4,35.6,113.0,103.0,"MVP-1,AS,NBA1"
10.0,Al Jefferson,26.0,UTA,C,82.0,82.0,2940.0,11.7,23.7,0.496,0.0,0.0,,11.7,23.7,0.496,0.496,3.9,5.2,0.761,4.2,10.0,14.2,2.7,0.8,2.7,1.9,4.3,27.4,111.0,108.0,
11.0,Dwight Howard,25.0,ORL,C,78.0,78.0,2935.0,11.1,18.7,0.593,0.0,0.1,0.0,11.1,18.6,0.597,0.593,9.8,16.4,0.596,5.5,14.1,19.7,1.9,1.9,3.3,5.0,4.6,32.0,113.0,94.0,"MVP-2,DPOY-1,AS,NBA1"
12.0,Jrue Holiday,20.0,PHI,PG,82.0,82.0,2901.0,8.0,18.0,0.446,1.5,4.0,0.365,6.6,14.0,0.47,0.487,3.1,3.8,0.823,1.2,4.8,6.0,9.6,2.2,0.5,3.9,3.7,20.7,104.0,106.0,
13.0,Ray Allen,35.0,BOS,SG,80.0,80.0,2890.0,8.8,18.0,0.491,3.1,6.9,0.444,5.7,11.0,0.52,0.577,3.5,4.0,0.881,0.9,4.1,5.0,4.0,1.4,0.3,2.2,2.7,24.3,116.0,104.0,AS
14.0,Brook Lopez,22.0,NJN,C,82.0,82.0,2889.0,11.9,24.2,0.492,0.0,0.0,0.0,11.9,24.2,0.492,0.492,7.1,9.0,0.787,3.6,5.4,9.0,2.4,0.9,2.2,3.3,4.4,30.9,108.0,110.0,
15.0,Chris Paul,25.0,NOH,PG,80.0,80.0,2880.0,8.1,17.4,0.463,1.3,3.4,0.388,6.7,14.0,0.482,0.502,6.3,7.2,0.878,0.7,5.4,6.1,14.7,3.5,0.1,3.3,3.7,23.8,122.0,103.0,"MVP-13,DPOY-12,AS,NBA3"
16.0,Mike Conley,23.0,MEM,PG,81.0,81.0,2872.0,7.7,17.3,0.444,1.5,3.9,0.369,6.2,13.4,0.466,0.486,3.3,4.5,0.733,0.6,3.9,4.5,9.6,2.6,0.3,3.2,3.3,20.1,108.0,107.0,
17.0,Amar'e Stoudemire,28.0,NYK,C,78.0,78.0,2870.0,13.0,25.9,0.502,0.2,0.4,0.435,12.8,25.5,0.503,0.505,8.3,10.4,0.792,3.5,7.7,11.1,3.5,1.2,2.6,4.4,4.8,34.5,109.0,108.0,"MVP-9,AS,NBA2"
18.0,DeMar DeRozan,21.0,TOR,SG,82.0,82.0,2851.0,9.8,20.9,0.467,0.1,0.9,0.096,9.7,20.0,0.485,0.469,5.9,7.3,0.813,1.4,4.4,5.7,2.7,1.5,0.6,2.6,3.9,25.6,106.0,115.0,
19.0,Russell Westbrook,22.0,OKC,PG,82.0,82.0,2847.0,11.2,25.3,0.442,0.6,1.9,0.33,10.5,23.4,0.451,0.454,9.7,11.5,0.842,2.2,4.7,6.9,12.2,2.8,0.5,5.7,3.8,32.6,110.0,107.0,"AS,NBA2"
20.0,Dwyane Wade,29.0,MIA,SG,76.0,76.0,2823.0,12.9,25.9,0.5,1.2,3.9,0.306,11.8,22.0,0.534,0.523,9.2,12.2,0.758,2.3,6.8,9.1,6.5,2.1,1.6,4.4,3.7,36.3,114.0,102.0,"MVP-7,DPOY-16,AS,NBA2"
21.0,Elton Brand,31.0,PHI,PF,81.0,81.0,2809.0,9.4,18.3,0.512,0.0,0.0,0.0,9.4,18.3,0.512,0.512,4.0,5.1,0.78,4.4,8.2,12.6,2.2,1.7,2.0,1.9,4.5,22.7,114.0,103.0,
22.0,Chris Bosh,26.0,MIA,PF,77.0,77.0,2795.0,9.9,20.0,0.496,0.1,0.5,0.24,9.8,19.5,0.502,0.499,7.3,8.9,0.815,2.7,9.4,12.1,2.7,1.1,0.9,2.6,3.2,27.2,115.0,103.0,AS
23.0,Kobe Bryant,32.0,LAL,SG,82.0,82.0,2779.0,14.1,31.2,0.451,2.2,6.8,0.323,11.9,24.4,0.487,0.487,9.2,11.1,0.828,1.6,6.4,8.0,7.4,1.9,0.2,4.6,3.3,39.6,111.0,105.0,"MVP-4,DPOY-11,AS,NBA1"
24.0,Boris Diaw,28.0,CHA,PF,82.0,82.0,2778.0,7.3,14.9,0.492,1.5,4.4,0.345,5.8,10.6,0.553,0.543,1.6,2.4,0.683,2.0,6.0,8.0,6.5,1.4,0.9,3.2,3.7,17.8,107.0,109.0,
25.0,Paul Pierce,33.0,BOS,SF,80.0,80.0,2774.0,9.7,19.5,0.497,2.1,5.7,0.374,7.6,13.9,0.547,0.551,7.4,8.6,0.86,0.7,7.6,8.2,5.0,1.5,1.0,3.3,4.4,28.9,116.0,101.0,AS
26.0,Danny Granger,27.0,IND,SF,79.0,79.0,2763.0,9.8,23.1,0.425,2.9,7.5,0.386,6.9,15.6,0.443,0.487,7.2,8.5,0.848,1.6,6.2,7.8,3.7,1.6,1.1,3.8,3.9,29.7,107.0,106.0,
27.0,Wesley Matthews,24.0,POR,SG,82.0,69.0,2758.0,8.7,19.4,0.449,3.0,7.5,0.407,5.7,11.9,0.476,0.528,5.3,6.2,0.844,1.0,4.2,5.1,3.2,2.0,0.2,2.7,3.9,25.7,114.0,109.0,
28.0,D.J. Augustin,23.0,CHA,PG,82.0,82.0,2757.0,7.7,18.6,0.416,2.2,6.5,0.333,5.6,12.1,0.461,0.474,5.2,5.8,0.906,0.7,3.6,4.4,9.7,1.0,0.1,3.0,3.0,22.9,112.0,112.0,
29.0,Carmelo Anthony,26.0,2TM,SF,77.0,77.0,2751.0,12.5,27.4,0.455,1.7,4.6,0.378,10.8,22.9,0.47,0.487,9.3,11.0,0.838,2.2,8.1,10.3,4.0,1.2,0.8,3.8,4.1,36.0,109.0,108.0,AS
30.0,Raymond Felton,26.0,2TM,SG,75.0,54.0,2737.0,7.8,18.4,0.425,2.1,6.0,0.353,5.7,12.4,0.46,0.483,3.6,4.4,0.805,0.9,4.1,4.9,11.5,2.3,0.2,4.1,2.8,21.4,108.0,111.0,
31.0,Beno Udrih,28.0,SAC,PG,79.0,64.0,2734.0,7.6,15.2,0.5,1.2,3.4,0.357,6.4,11.8,0.54,0.539,3.6,4.2,0.864,0.8,4.1,4.9,7.1,1.7,0.2,2.6,3.3,20.0,118.0,111.0,
32.0,Zach Randolph,29.0,MEM,PF,75.0,74.0,2724.0,11.5,22.8,0.503,0.2,0.8,0.186,11.3,22.0,0.515,0.507,5.8,7.6,0.758,6.3,11.3,17.5,3.1,1.2,0.5,2.9,3.4,28.8,115.0,105.0,NBA3
33.0,Jason Richardson,30.0,2TM,SG,80.0,80.0,2715.0,9.1,20.3,0.447,3.6,9.2,0.395,5.4,11.1,0.49,0.536,2.2,3.1,0.73,1.3,5.1,6.3,2.8,1.8,0.2,1.8,3.1,24.0,110.0,106.0,
34.0,Al Horford,24.0,ATL,C,77.0,77.0,2704.0,10.2,18.3,0.557,0.0,0.1,0.5,10.2,18.2,0.557,0.558,3.0,3.7,0.798,3.6,10.7,14.3,5.3,1.2,1.6,2.4,3.8,23.4,118.0,105.0,"AS,NBA3"
35.0,Gerald Wallace,28.0,2TM,SF,71.0,63.0,2693.0,7.7,17.0,0.454,1.2,3.7,0.333,6.5,13.3,0.487,0.49,5.6,7.5,0.746,2.2,9.2,11.4,3.5,2.1,1.3,3.0,3.7,22.3,107.0,105.0,DPOY-23
36.0,Jason Kidd,37.0,DAL,PG,80.0,80.0,2653.0,4.3,11.8,0.361,2.6,7.7,0.34,1.6,4.1,0.4,0.472,1.3,1.5,0.87,0.7,6.3,7.0,13.0,2.7,0.6,3.5,2.4,12.5,108.0,104.0,
37.0,Andre Miller,34.0,POR,PG,81.0,81.0,2650.0,8.0,17.4,0.46,0.1,0.8,0.108,7.9,16.6,0.476,0.462,5.1,6.0,0.853,2.0,4.2,6.2,11.7,2.3,0.2,4.1,3.5,21.2,111.0,108.0,
38.0,Josh Smith,25.0,ATL,PF,77.0,77.0,2645.0,10.1,21.1,0.477,1.0,3.1,0.331,9.1,18.0,0.503,0.502,4.7,6.4,0.725,2.7,10.6,13.3,5.2,2.0,2.4,4.0,4.4,25.9,104.0,102.0,DPOY-25
39.0,Lamar Odom,31.0,LAL,PF,82.0,35.0,2639.0,9.5,17.9,0.53,1.4,3.6,0.382,8.1,14.3,0.566,0.568,3.3,4.9,0.675,3.5,10.7,14.2,5.0,0.9,1.2,2.8,4.0,23.7,118.0,103.0,6MOY-1
40.0,David Lee,27.0,GSW,PF,73.0,73.0,2634.0,9.5,18.8,0.507,0.0,0.1,0.333,9.5,18.7,0.508,0.508,4.0,5.1,0.787,4.2,9.6,13.7,4.5,1.4,0.6,3.3,4.1,23.1,111.0,110.0,
41.0,Kevin Love,22.0,MIN,PF,73.0,73.0,2611.0,9.2,19.6,0.47,1.7,4.0,0.417,7.5,15.5,0.483,0.513,8.1,9.5,0.85,6.3,14.9,21.2,3.5,0.9,0.5,3.0,2.8,28.1,123.0,108.0,"MIP-1,AS"
42.0,John Wall,20.0,WAS,PG,69.0,64.0,2606.0,7.8,19.1,0.409,0.7,2.3,0.296,7.1,16.8,0.425,0.427,5.9,7.7,0.766,0.7,5.5,6.2,11.3,2.4,0.7,5.1,3.4,22.2,100.0,110.0,ROY-2
43.0,Paul Millsap,25.0,UTA,PF,76.0,76.0,2605.0,10.6,20.0,0.531,0.2,0.5,0.391,10.4,19.5,0.535,0.536,5.2,6.8,0.757,3.3,8.4,11.7,3.8,2.1,1.4,2.9,5.5,26.6,114.0,108.0,
44.0,Kevin Martin,27.0,HOU,SG,80.0,80.0,2603.0,10.8,24.8,0.436,3.4,9.0,0.383,7.4,15.8,0.467,0.506,11.6,13.1,0.888,0.5,4.5,5.1,3.9,1.6,0.3,3.6,3.0,36.7,117.0,111.0,
45.0,Trevor Ariza,25.0,NOH,SF,75.0,75.0,2600.0,6.3,15.9,0.398,1.7,5.6,0.303,4.6,10.2,0.45,0.451,2.9,4.1,0.701,1.3,7.2,8.5,3.4,2.5,0.6,2.5,3.7,17.2,97.0,104.0,
46.0,Marc Gasol,26.0,MEM,C,81.0,81.0,2586.0,7.4,14.0,0.527,0.1,0.1,0.429,7.3,13.8,0.528,0.529,4.4,5.9,0.748,3.1,8.4,11.5,4.0,1.5,2.7,2.9,5.4,19.2,113.0,103.0,
47.0,Jason Terry,33.0,DAL,SG,82.0,10.0,2564.0,10.1,22.4,0.451,2.6,7.2,0.362,7.5,15.2,0.493,0.509,3.7,4.4,0.85,0.5,2.6,3.1,6.8,1.9,0.3,3.4,2.9,26.5,106.0,108.0,6MOY-2
48.0,Kyle Lowry,24.0,HOU,PG,75.0,71.0,2563.0,6.9,16.1,0.426,2.6,6.8,0.376,4.3,9.3,0.464,0.506,3.8,5.0,0.765,1.8,4.4,6.1,9.9,2.0,0.5,3.1,4.1,20.1,115.0,110.0,
49.0,Tayshaun Prince,30.0,DET,SF,78.0,78.0,2562.0,9.9,21.0,0.473,0.7,2.1,0.347,9.2,19.0,0.486,0.49,2.5,3.5,0.702,1.6,5.3,6.9,4.5,0.6,0.9,1.7,1.9,23.1,108.0,115.0,
50.0,John Salmons,31.0,MIL,SG,73.0,70.0,2554.0,7.8,18.8,0.415,1.7,4.6,0.379,6.1,14.2,0.427,0.462,4.1,5.0,0.813,0.6,5.0,5.6,5.3,1.5,0.6,2.9,3.3,21.4,101.0,105.0,
51.0,Joe Johnson,29.0,ATL,SG,72.0,72.0,2554.0,10.8,24.4,0.443,1.9,6.3,0.297,8.9,18.1,0.494,0.481,4.1,5.1,0.802,1.2,4.9,6.1,7.1,1.0,0.1,3.1,2.8,27.6,105.0,110.0,AS
52.0,Landry Fields,22.0,NYK,SG,82.0,81.0,2541.0,5.9,11.9,0.497,1.7,4.3,0.393,4.2,7.6,0.556,0.568,2.2,2.9,0.769,2.1,8.2,10.3,3.1,1.6,0.3,2.1,2.3,15.8,115.0,110.0,ROY-4
53.0,Channing Frye,27.0,PHO,PF,77.0,64.0,2541.0,7.2,16.6,0.432,3.4,8.8,0.39,3.7,7.8,0.479,0.535,1.8,2.1,0.832,1.3,9.0,10.3,1.9,0.9,1.6,1.5,5.4,19.5,110.0,109.0,
54.0,Hedo Türkoğlu,31.0,2TM,SF,81.0,72.0,2540.0,6.6,14.8,0.446,2.6,6.4,0.41,4.0,8.5,0.473,0.534,2.2,3.2,0.679,0.9,6.4,7.3,7.0,1.5,0.7,2.7,5.1,18.0,112.0,105.0,
55.0,Tony Parker,28.0,SAS,PG,78.0,78.0,2528.0,11.4,22.0,0.519,0.5,1.4,0.357,10.9,20.5,0.531,0.531,4.8,6.2,0.769,0.6,4.3,4.9,10.6,1.9,0.1,4.1,2.8,28.1,113.0,108.0,MVP-12
56.0,Rajon Rondo,24.0,BOS,PG,68.0,68.0,2527.0,6.7,14.1,0.475,0.2,0.9,0.233,6.5,13.2,0.491,0.482,1.6,2.8,0.568,1.8,4.4,6.2,16.0,3.2,0.2,4.9,2.5,15.2,104.0,100.0,"MVP-10,DPOY-5,AS"
57.0,Nicolas Batum,22.0,POR,SF,80.0,67.0,2522.0,7.9,17.5,0.455,2.6,7.4,0.345,5.4,10.1,0.535,0.528,3.0,3.6,0.841,2.4,5.5,7.8,2.7,1.5,1.1,1.8,4.2,21.4,116.0,108.0,
58.0,Dirk Nowitzki,32.0,DAL,PF,73.0,73.0,2504.0,12.8,24.8,0.517,1.4,3.5,0.393,11.4,21.2,0.538,0.545,8.3,9.3,0.892,1.0,9.7,10.8,4.0,0.8,1.0,2.9,3.6,35.3,118.0,105.0,"MVP-6,AS,NBA2"
59.0,Steve Nash,36.0,PHO,PG,75.0,75.0,2497.0,8.1,16.5,0.492,1.6,4.2,0.395,6.5,12.3,0.525,0.542,4.6,5.1,0.912,0.8,4.5,5.3,17.4,1.0,0.1,5.4,1.8,22.5,118.0,114.0,
60.0,Stephen Curry,22.0,GSW,PG,74.0,74.0,2489.0,10.3,21.4,0.48,3.1,7.0,0.442,7.2,14.5,0.498,0.551,4.3,4.6,0.934,1.1,4.8,5.8,8.8,2.2,0.4,4.6,4.7,27.9,113.0,112.0,
61.0,Andre Iguodala,27.0,PHI,SF,67.0,67.0,2469.0,7.2,16.1,0.445,1.3,3.8,0.337,5.9,12.3,0.479,0.486,4.4,6.4,0.693,1.3,6.9,8.2,8.9,2.1,0.8,2.9,2.3,20.0,110.0,104.0,DPOY-8
62.0,Deron Williams,26.0,2TM,PG,65.0,65.0,2465.0,9.2,20.9,0.439,2.3,6.8,0.331,6.9,14.1,0.491,0.493,7.5,8.8,0.845,0.9,4.7,5.6,14.3,1.7,0.3,4.9,4.1,28.1,114.0,112.0,AS
63.0,Richard Jefferson,30.0,SAS,SF,81.0,81.0,2459.0,6.4,13.6,0.474,2.9,6.5,0.44,3.6,7.1,0.504,0.579,3.1,4.1,0.759,1.1,5.4,6.6,2.3,0.8,0.7,2.0,3.5,18.8,116.0,109.0,
64.0,David West,30.0,NOH,PF,70.0,70.0,2451.0,11.7,23.0,0.508,0.0,0.2,0.222,11.6,22.8,0.51,0.509,5.8,7.2,0.807,3.4,8.3,11.7,3.6,1.5,1.4,3.1,4.5,29.2,111.0,104.0,
65.0,Jeff Green,24.0,2TM,SF,75.0,51.0,2427.0,7.9,17.6,0.449,1.4,4.5,0.303,6.5,13.1,0.499,0.488,4.3,5.2,0.811,1.6,6.2,7.7,2.3,1.1,0.8,2.1,4.5,21.4,108.0,108.0,
66.0,Manu Ginóbili,33.0,SAS,SG,80.0,79.0,2426.0,9.5,21.8,0.433,3.3,9.5,0.349,6.2,12.4,0.497,0.509,7.7,8.8,0.871,0.9,5.4,6.3,8.4,2.6,0.6,3.7,3.5,29.9,116.0,105.0,"MVP-8,AS,NBA3"
67.0,Luis Scola,30.0,HOU,PF,74.0,74.0,2412.0,12.0,23.9,0.504,0.0,0.1,0.0,12.0,23.8,0.505,0.504,4.5,6.1,0.738,3.1,9.7,12.8,3.9,1.0,0.9,3.1,4.8,28.6,108.0,108.0,
68.0,Metta World Peace,31.0,LAL,SF,82.0,82.0,2410.0,5.7,14.4,0.397,1.8,5.1,0.356,3.9,9.3,0.419,0.46,2.0,3.0,0.676,2.2,3.7,5.9,3.8,2.7,0.8,2.0,4.0,15.3,104.0,105.0,DPOY-18
69.0,Grant Hill,38.0,PHO,SF,80.0,80.0,2409.0,8.4,17.4,0.484,1.0,2.4,0.395,7.5,15.0,0.498,0.511,4.5,5.4,0.829,1.6,5.5,7.1,4.2,1.4,0.7,2.8,3.9,22.3,109.0,111.0,DPOY-7
70.0,Stephen Jackson,32.0,CHA,SG,67.0,67.0,2405.0,9.7,23.6,0.411,2.7,8.0,0.337,7.0,15.6,0.449,0.468,5.5,6.8,0.816,1.2,5.6,6.8,5.4,1.8,0.6,4.7,3.6,27.6,98.0,109.0,
71.0,Wilson Chandler,23.0,2TM,SF,72.0,49.0,2401.0,9.0,19.9,0.45,2.3,6.7,0.35,6.6,13.2,0.501,0.509,2.7,3.4,0.807,1.6,7.0,8.5,2.5,1.0,2.0,2.2,4.2,23.0,106.0,109.0,
72.0,Shane Battier,32.0,2TM,SF,82.0,59.0,2375.0,4.9,11.0,0.45,2.2,5.8,0.382,2.7,5.2,0.525,0.55,1.4,2.0,0.688,1.9,6.1,8.0,4.0,1.5,1.7,1.7,3.4,13.5,115.0,108.0,
73.0,Michael Beasley,22.0,MIN,SF,73.0,73.0,2361.0,11.8,26.3,0.45,1.3,3.5,0.366,10.6,22.8,0.463,0.474,4.6,6.1,0.753,2.5,6.1,8.6,3.3,1.1,1.1,4.1,4.7,29.5,100.0,112.0,
74.0,Darren Collison,23.0,IND,PG,79.0,79.0,2360.0,8.5,18.7,0.457,0.9,2.7,0.331,7.7,16.0,0.479,0.481,4.3,5.0,0.871,0.9,4.0,4.8,8.7,1.9,0.3,4.2,2.3,22.3,105.0,108.0,
75.0,Travis Outlaw,26.0,NJN,SF,82.0,55.0,2358.0,6.2,16.6,0.375,1.7,5.7,0.302,4.5,10.8,0.413,0.427,3.0,3.9,0.772,1.2,6.1,7.4,1.9,0.8,0.8,1.6,3.4,17.1,97.0,112.0,
76.0,Andrea Bargnani,25.0,TOR,C,66.0,66.0,2353.0,11.5,25.8,0.448,1.7,4.9,0.345,9.8,20.9,0.472,0.48,6.3,7.7,0.82,1.6,5.9,7.5,2.6,0.7,1.0,3.3,3.5,31.1,105.0,115.0,
77.0,Arron Afflalo,25.0,DEN,SG,69.0,69.0,2324.0,6.7,13.5,0.498,2.3,5.4,0.423,4.5,8.2,0.546,0.581,3.0,3.5,0.847,1.0,4.5,5.4,3.6,0.7,0.7,1.5,3.3,18.7,123.0,111.0,
78.0,Jameer Nelson,28.0,ORL,PG,76.0,76.0,2319.0,8.5,19.0,0.446,2.7,6.7,0.401,5.8,12.3,0.471,0.517,2.9,3.7,0.802,0.8,4.3,5.1,10.3,1.7,0.1,4.4,4.7,22.6,109.0,104.0,
79.0,Chauncey Billups,34.0,2TM,PG,72.0,72.0,2310.0,7.4,17.3,0.427,3.2,7.9,0.402,4.2,9.4,0.448,0.519,8.3,9.1,0.916,0.5,3.6,4.1,8.4,1.5,0.3,3.8,3.2,26.3,120.0,111.0,
80.0,DeMarcus Cousins,20.0,SAC,C,81.0,62.0,2309.0,9.4,21.9,0.43,0.1,0.4,0.167,9.4,21.5,0.435,0.432,6.0,8.8,0.687,4.7,10.5,15.3,4.5,1.9,1.5,5.9,7.2,25.0,94.0,105.0,ROY-3
81.0,Glen Davis,25.0,BOS,C,78.0,13.0,2298.0,8.3,18.5,0.448,0.0,0.3,0.133,8.3,18.2,0.454,0.449,4.5,6.1,0.736,2.3,7.5,9.8,2.1,1.8,0.7,2.0,5.3,21.1,101.0,100.0,6MOY-4
82.0,Derek Fisher,36.0,LAL,PG,82.0,82.0,2297.0,4.7,12.2,0.389,1.5,3.7,0.396,3.3,8.5,0.386,0.449,1.9,2.4,0.806,0.3,3.2,3.5,5.2,2.3,0.2,1.6,4.4,12.9,105.0,107.0,
83.0,Jamal Crawford,30.0,ATL,SG,76.0,0.0,2297.0,8.6,20.4,0.421,2.8,8.2,0.341,5.8,12.3,0.474,0.489,5.2,6.1,0.854,0.5,2.5,3.0,5.6,1.3,0.3,3.4,2.3,25.2,105.0,111.0,6MOY-5
84.0,Andrew Bogut,26.0,MIL,C,65.0,65.0,2297.0,8.5,17.3,0.495,0.0,0.1,0.0,8.5,17.2,0.497,0.495,2.2,5.1,0.442,4.6,12.1,16.8,3.0,1.1,3.9,2.9,5.1,19.3,100.0,97.0,DPOY-6
85.0,Nenê,28.0,DEN,C,75.0,75.0,2291.0,8.8,14.3,0.615,0.0,0.1,0.2,8.8,14.2,0.618,0.615,6.3,8.8,0.711,3.2,9.3,12.5,3.3,1.8,1.6,2.9,5.2,23.9,123.0,104.0,
86.0,Emeka Okafor,28.0,NOH,C,72.0,72.0,2287.0,7.1,12.4,0.573,0.0,0.0,0.0,7.1,12.4,0.574,0.573,3.4,6.1,0.562,5.4,10.7,16.2,1.0,0.9,3.0,2.8,5.4,17.6,111.0,102.0,
87.0,Mike Bibby,32.0,3TM,PG,80.0,68.0,2285.0,5.8,13.5,0.431,3.6,8.1,0.44,2.2,5.3,0.417,0.563,0.9,1.5,0.629,0.4,4.2,4.6,6.2,1.2,0.2,2.4,4.1,16.1,110.0,109.0,
88.0,J.J. Hickson,22.0,CLE,C,80.0,66.0,2256.0,9.8,21.4,0.458,0.0,0.1,0.0,9.8,21.3,0.461,0.458,5.6,8.4,0.673,5.0,10.9,15.9,2.1,1.1,1.2,4.0,4.9,25.3,98.0,109.0,
89.0,Devin Harris,27.0,2TM,PG,71.0,70.0,2254.0,8.1,19.2,0.422,1.4,4.3,0.322,6.7,15.0,0.45,0.458,7.9,9.5,0.833,0.4,3.6,4.0,11.9,1.7,0.2,4.9,3.8,25.5,108.0,112.0,
90.0,Shawn Marion,32.0,DAL,SF,80.0,27.0,2253.0,10.1,19.5,0.52,0.1,0.8,0.152,10.0,18.7,0.536,0.523,2.9,3.8,0.768,3.9,8.9,12.9,2.6,1.6,1.2,3.0,3.4,23.3,107.0,103.0,
91.0,Roy Hibbert,24.0,IND,C,81.0,80.0,2244.0,9.3,20.1,0.461,0.0,0.1,0.0,9.3,20.0,0.463,0.461,4.6,6.2,0.745,4.1,9.7,13.8,3.7,0.7,3.2,4.2,5.8,23.1,100.0,104.0,
92.0,Greg Monroe,20.0,DET,C,80.0,48.0,2222.0,7.3,13.3,0.551,0.0,0.0,0.0,7.3,13.3,0.552,0.551,3.5,5.6,0.622,6.0,8.6,14.6,2.5,2.3,1.1,2.0,4.7,18.2,120.0,109.0,ROY-6
93.0,Kevin Garnett,34.0,BOS,PF,71.0,71.0,2220.0,10.4,19.7,0.528,0.0,0.1,0.2,10.4,19.5,0.53,0.529,4.5,5.2,0.862,2.0,13.1,15.1,4.1,2.3,1.4,2.8,3.5,25.3,110.0,95.0,"DPOY-2,AS"
94.0,Serge Ibaka,21.0,OKC,PF,82.0,44.0,2216.0,7.8,14.4,0.543,0.0,0.0,0.0,7.8,14.4,0.544,0.543,3.2,4.3,0.75,5.0,9.5,14.5,0.5,0.7,4.6,1.7,6.2,18.9,119.0,104.0,DPOY-14
95.0,JaVale McGee,23.0,WAS,C,79.0,75.0,2193.0,7.7,14.1,0.55,0.0,0.1,0.0,7.7,14.0,0.552,0.55,3.1,5.4,0.583,5.2,9.6,14.8,0.9,1.0,4.5,2.4,5.4,18.6,111.0,106.0,DPOY-19
96.0,James Harden,21.0,OKC,SG,82.0,5.0,2189.0,7.0,16.2,0.436,2.7,7.7,0.349,4.4,8.5,0.514,0.518,6.8,8.1,0.843,1.0,5.0,6.0,4.2,2.2,0.6,2.5,4.9,23.6,119.0,108.0,6MOY-7
97.0,Rodney Stuckey,24.0,DET,PG,70.0,54.0,2183.0,9.0,20.4,0.439,0.6,2.2,0.289,8.3,18.2,0.457,0.455,8.1,9.4,0.866,1.7,3.6,5.3,8.9,1.9,0.2,3.8,4.4,26.7,112.0,114.0,
98.0,Andray Blatche,24.0,WAS,PF,64.0,63.0,2172.0,10.0,22.5,0.445,0.1,0.4,0.222,9.9,22.1,0.449,0.447,5.2,6.7,0.777,4.3,8.1,12.4,3.4,2.3,1.2,4.1,4.3,25.3,100.0,108.0,
99.0,Brandon Jennings,21.0,MIL,PG,63.0,61.0,2169.0,8.9,22.8,0.39,2.4,7.5,0.323,6.5,15.4,0.422,0.443,4.9,6.1,0.809,1.0,4.7,5.8,7.5,2.3,0.5,3.6,3.2,25.1,100.0,103.0,
100.0,Luke Ridnour,29.0,MIN,PG,71.0,66.0,2159.0,7.4,15.7,0.468,1.9,4.2,0.44,5.5,11.5,0.479,0.528,2.8,3.2,0.883,0.9,3.7,4.6,8.9,2.1,0.2,3.6,3.4,19.4,112.0,113.0,
101.0,Kirk Hinrich,30.0,2TM,PG,72.0,51.0,2157.0,6.7,15.0,0.446,1.8,4.5,0.399,4.9,10.5,0.467,0.506,2.6,3.0,0.841,0.5,3.9,4.4,6.9,1.8,0.4,2.9,4.5,17.7,107.0,111.0,
102.0,Tim Duncan,34.0,SAS,C,76.0,76.0,2156.0,10.1,20.2,0.5,0.0,0.1,0.0,10.1,20.1,0.502,0.5,4.4,6.2,0.716,4.1,12.3,16.4,4.9,1.2,3.5,2.9,2.9,24.6,111.0,100.0,"DPOY-17,AS"
104.0,George Hill,24.0,SAS,PG,76.0,5.0,2148.0,6.9,15.3,0.453,1.9,4.9,0.377,5.1,10.4,0.49,0.514,5.6,6.5,0.863,0.6,4.2,4.8,4.7,1.6,0.5,2.4,3.7,21.4,116.0,108.0,6MOY-8
105.0,Jared Dudley,25.0,PHO,SF,82.0,15.0,2140.0,7.1,14.9,0.477,2.5,6.0,0.415,4.6,8.9,0.519,0.56,3.8,5.2,0.743,2.6,4.9,7.6,2.6,2.1,0.5,1.8,3.3,20.6,119.0,111.0,
106.0,Thaddeus Young,22.0,PHI,PF,82.0,1.0,2135.0,11.2,20.8,0.541,0.1,0.5,0.273,11.1,20.2,0.548,0.544,3.0,4.3,0.707,3.8,6.9,10.6,2.0,2.2,0.6,2.4,4.2,25.6,110.0,104.0,6MOY-3
107.0,Ramon Sessions,24.0,CLE,PG,81.0,38.0,2133.0,8.8,18.8,0.466,0.1,0.4,0.2,8.7,18.4,0.472,0.468,8.4,10.2,0.823,1.1,5.1,6.2,10.1,1.5,0.2,4.3,2.2,26.0,110.0,114.0,
108.0,Ben Gordon,27.0,DET,SG,82.0,27.0,2131.0,8.6,19.5,0.44,2.7,6.7,0.402,5.9,12.7,0.46,0.51,3.4,4.0,0.85,1.0,3.9,4.9,4.3,1.2,0.4,3.6,4.5,23.3,104.0,115.0,
111.0,Danilo Gallinari,22.0,2TM,SF,62.0,60.0,2104.0,6.3,15.3,0.414,2.5,7.0,0.352,3.9,8.3,0.467,0.495,8.0,9.3,0.862,1.4,5.9,7.3,2.5,1.2,0.6,2.0,3.4,23.2,120.0,111.0,
112.0,Ty Lawson,23.0,DEN,PG,80.0,31.0,2103.0,8.3,16.4,0.503,1.6,4.1,0.404,6.6,12.3,0.536,0.553,4.1,5.4,0.764,1.6,3.4,5.0,9.0,1.9,0.1,3.3,3.2,22.3,118.0,110.0,6MOY-11
113.0,José Calderón,29.0,TOR,PG,68.0,55.0,2102.0,6.4,14.7,0.44,1.4,3.8,0.365,5.0,10.8,0.466,0.487,2.2,2.5,0.854,0.7,4.2,5.0,14.9,2.0,0.2,3.6,3.5,16.5,112.0,114.0,
114.0,Raja Bell,34.0,UTA,SG,68.0,63.0,2097.0,4.8,11.7,0.409,1.7,4.9,0.352,3.1,6.9,0.449,0.482,2.3,2.6,0.892,0.8,3.6,4.4,3.0,1.4,0.4,1.6,4.2,13.6,107.0,114.0,
115.0,Ryan Gomes,28.0,LAC,SF,76.0,62.0,2095.0,5.1,12.5,0.41,1.8,5.2,0.341,3.3,7.3,0.459,0.481,1.5,2.1,0.718,1.5,4.8,6.3,2.9,1.5,0.3,1.4,3.9,13.5,107.0,111.0,
116.0,Luc Mbah a Moute,24.0,MIL,PF,79.0,52.0,2093.0,5.1,10.9,0.463,0.0,0.2,0.0,5.1,10.8,0.47,0.463,3.4,4.8,0.707,4.3,6.4,10.7,1.7,1.8,0.7,2.0,4.6,13.5,107.0,103.0,
117.0,Anthony Parker,35.0,CLE,SF,72.0,65.0,2091.0,5.4,13.6,0.399,2.1,5.6,0.379,3.3,8.0,0.412,0.476,1.8,2.3,0.779,0.8,4.6,5.4,5.4,1.7,0.2,2.0,2.7,14.8,103.0,113.0,
118.0,Chuck Hayes,27.0,HOU,C,74.0,63.0,2079.0,6.0,11.3,0.527,0.0,0.0,0.0,6.0,11.3,0.529,0.527,2.3,3.5,0.662,5.4,9.3,14.7,5.0,1.9,1.2,2.1,4.9,14.3,120.0,106.0,DPOY-12
119.0,Wesley Johnson,23.0,MIN,SG,79.0,63.0,2069.0,6.5,16.4,0.397,2.5,7.0,0.356,4.0,9.5,0.427,0.473,1.5,2.2,0.696,1.2,4.5,5.8,3.6,1.4,1.3,2.3,3.9,17.1,101.0,112.0,
120.0,Jodie Meeks,23.0,PHI,SG,74.0,64.0,2062.0,6.1,14.5,0.425,3.5,8.8,0.397,2.6,5.6,0.468,0.546,3.9,4.3,0.894,0.5,3.8,4.3,2.0,1.6,0.1,1.5,2.5,19.7,116.0,108.0,
121.0,Kris Humphries,25.0,NJN,PF,74.0,44.0,2061.0,8.0,15.1,0.527,0.0,0.0,0.0,8.0,15.1,0.527,0.527,3.3,4.9,0.665,5.8,14.1,20.0,2.2,0.9,2.1,2.7,4.4,19.2,111.0,105.0,
122.0,Tyson Chandler,28.0,DAL,C,74.0,74.0,2059.0,6.8,10.4,0.654,0.0,0.0,,6.8,10.4,0.654,0.654,5.5,7.5,0.732,5.3,12.4,17.7,0.8,0.9,2.0,2.2,6.1,19.1,131.0,102.0,DPOY-3
123.0,Vince Carter,34.0,2TM,SG,73.0,63.0,2051.0,9.8,22.3,0.437,2.9,8.0,0.361,6.8,14.3,0.479,0.502,3.2,4.3,0.74,1.4,5.5,6.9,3.7,1.7,0.5,2.3,4.8,25.6,106.0,108.0,
124.0,Thabo Sefolosha,26.0,OKC,SG,79.0,79.0,2049.0,4.0,8.4,0.471,0.7,2.6,0.275,3.3,5.8,0.558,0.514,1.5,2.0,0.747,1.6,7.1,8.7,2.8,2.5,1.0,1.4,4.3,10.1,112.0,106.0,DPOY-21
125.0,DeAndre Jordan,22.0,LAC,C,80.0,66.0,2047.0,5.9,8.6,0.686,0.0,0.0,0.0,5.9,8.6,0.688,0.686,2.5,5.5,0.452,5.2,9.3,14.5,1.1,1.0,3.6,2.6,6.4,14.3,116.0,105.0,
126.0,Nick Young,25.0,WAS,SG,64.0,40.0,2034.0,10.4,23.5,0.441,2.6,6.8,0.387,7.7,16.7,0.462,0.497,4.7,5.7,0.816,0.7,3.7,4.4,1.9,1.1,0.4,2.3,3.6,28.0,107.0,114.0,
127.0,Marcin Gortat,26.0,2TM,C,80.0,14.0,2032.0,8.5,15.2,0.561,0.0,0.1,0.25,8.5,15.1,0.563,0.561,3.5,4.9,0.725,3.7,12.2,15.9,1.8,0.9,2.3,2.0,4.7,20.6,117.0,105.0,6MOY-9
128.0,Carl Landry,27.0,2TM,PF,76.0,26.0,2008.0,8.8,17.6,0.502,0.0,0.1,0.0,8.8,17.5,0.505,0.502,5.5,7.4,0.74,4.2,4.7,8.9,1.6,1.0,0.8,2.8,5.0,23.1,110.0,110.0,
129.0,Andrei Kirilenko,29.0,UTA,SF,64.0,62.0,1999.0,6.7,14.3,0.467,0.9,2.6,0.367,5.7,11.7,0.489,0.5,5.5,7.1,0.77,2.6,6.0,8.6,5.1,2.1,2.0,3.1,3.0,19.8,112.0,109.0,
130.0,Brandon Bass,25.0,ORL,PF,76.0,51.0,1980.0,8.8,17.1,0.515,0.0,0.1,0.0,8.8,17.1,0.516,0.515,5.0,6.2,0.815,3.6,7.7,11.3,1.5,0.7,1.4,2.6,4.2,22.7,113.0,103.0,
131.0,Toney Douglas,24.0,NYK,SG,81.0,9.0,1971.0,8.0,19.2,0.416,3.6,9.8,0.373,4.4,9.5,0.46,0.511,2.2,2.7,0.794,1.7,4.6,6.2,6.2,2.3,0.1,2.3,4.5,21.8,111.0,111.0,6MOY-14
132.0,C.J. Miles,23.0,UTA,SF,78.0,19.0,1969.0,9.8,24.1,0.407,2.9,9.1,0.322,6.9,15.0,0.459,0.468,4.3,5.2,0.811,1.4,5.4,6.8,3.6,2.0,1.0,2.5,5.9,26.8,103.0,110.0,
133.0,J.R. Smith,25.0,DEN,SF,79.0,6.0,1968.0,8.7,20.0,0.435,3.2,8.1,0.39,5.5,11.9,0.466,0.514,4.2,5.6,0.738,1.1,7.1,8.2,4.5,2.3,0.4,2.6,4.4,24.7,109.0,106.0,6MOY-10
134.0,Marco Belinelli,24.0,NOH,SG,80.0,69.0,1957.0,8.3,19.1,0.437,3.7,9.0,0.414,4.6,10.1,0.458,0.534,2.7,3.5,0.784,0.5,3.7,4.2,2.5,1.1,0.2,2.1,4.0,23.1,107.0,109.0,
135.0,Samuel Dalembert,29.0,SAC,C,80.0,46.0,1938.0,7.0,14.8,0.473,0.0,0.1,0.0,7.0,14.7,0.474,0.473,2.8,3.9,0.73,5.5,11.6,17.1,1.7,0.9,3.0,3.4,5.9,16.8,100.0,105.0,
136.0,Carlos Boozer,29.0,CHI,C,59.0,59.0,1882.0,12.2,23.9,0.51,0.0,0.0,,12.2,23.9,0.51,0.51,4.8,6.9,0.701,3.7,12.3,15.9,4.1,1.3,0.5,4.2,5.3,29.2,105.0,99.0,
137.0,O.J. Mayo,23.0,MEM,SG,71.0,17.0,1869.0,8.5,20.9,0.407,2.7,7.4,0.364,5.8,13.5,0.431,0.471,2.8,3.7,0.756,1.0,3.8,4.8,4.1,2.0,0.7,2.8,3.5,22.4,101.0,107.0,6MOY-11
138.0,Daniel Gibson,24.0,CLE,SG,67.0,15.0,1865.0,7.3,18.3,0.4,3.3,8.1,0.403,4.0,10.2,0.398,0.489,3.7,4.5,0.822,0.7,4.2,4.9,5.6,1.3,0.6,2.2,4.3,21.6,108.0,114.0,
139.0,Marvin Williams,24.0,ATL,SF,65.0,52.0,1865.0,7.1,15.5,0.458,1.1,3.2,0.336,6.0,12.3,0.489,0.493,4.2,5.0,0.845,2.0,7.1,9.0,2.5,1.0,0.7,1.8,3.0,19.5,111.0,108.0,
141.0,Amir Johnson,23.0,TOR,PF,72.0,54.0,1853.0,7.8,13.8,0.568,0.0,0.0,0.0,7.8,13.8,0.569,0.568,3.5,4.5,0.788,5.3,7.6,12.9,2.3,1.5,2.5,1.9,7.3,19.2,124.0,110.0,
143.0,Eric Bledsoe,21.0,LAC,PG,81.0,25.0,1841.0,5.8,13.6,0.424,0.9,3.3,0.276,4.9,10.4,0.47,0.457,2.8,3.7,0.744,1.9,4.4,6.3,8.1,2.6,0.7,5.4,3.7,15.2,93.0,108.0,
145.0,Rudy Fernández,25.0,POR,SG,78.0,3.0,1821.0,6.4,17.2,0.37,3.5,10.8,0.321,2.9,6.4,0.453,0.471,3.8,4.4,0.863,1.1,4.0,5.2,5.8,2.6,0.4,2.6,4.0,20.0,108.0,108.0,
146.0,Evan Turner,22.0,PHI,SG,78.0,14.0,1797.0,6.6,15.4,0.425,0.4,1.3,0.318,6.1,14.1,0.435,0.439,2.9,3.6,0.808,1.2,7.7,8.9,4.6,1.4,0.4,2.3,4.0,16.5,99.0,106.0,
147.0,Jordan Farmar,24.0,NJN,PG,73.0,18.0,1796.0,7.6,19.4,0.392,3.2,9.0,0.359,4.3,10.3,0.421,0.475,2.4,3.0,0.82,0.7,4.4,5.1,10.9,1.8,0.2,4.1,3.8,20.8,102.0,111.0,
148.0,Gilbert Arenas,29.0,2TM,PG,70.0,16.0,1796.0,7.8,21.3,0.366,2.8,9.5,0.297,5.0,11.8,0.423,0.433,3.5,4.4,0.784,0.6,4.8,5.5,7.9,2.1,0.6,5.1,5.4,21.9,93.0,106.0,
150.0,Ronnie Brewer,25.0,CHI,SG,81.0,1.0,1781.0,6.1,12.7,0.48,0.2,0.8,0.222,5.9,11.9,0.498,0.487,2.6,4.0,0.654,1.6,6.2,7.8,4.2,3.2,0.7,1.6,2.4,15.0,110.0,98.0,
151.0,Marcus Thornton,23.0,2TM,SG,73.0,23.0,1775.0,10.2,23.6,0.434,2.6,7.0,0.367,7.7,16.6,0.462,0.488,4.2,5.4,0.788,1.8,5.8,7.5,3.9,1.9,0.3,2.7,3.2,27.3,106.0,108.0,
152.0,Keyon Dooling,30.0,MIL,PG,80.0,22.0,1757.0,6.3,15.8,0.397,2.5,7.1,0.346,3.8,8.7,0.439,0.475,2.4,2.9,0.83,0.4,3.2,3.6,7.4,1.6,0.1,2.8,3.6,17.4,103.0,106.0,
153.0,Brandon Rush,25.0,IND,SG,67.0,21.0,1754.0,6.3,14.9,0.421,2.7,6.4,0.417,3.6,8.4,0.425,0.512,2.3,3.1,0.755,1.0,5.3,6.3,1.8,1.2,1.0,2.0,3.1,17.5,104.0,108.0,
154.0,Jason Thompson,24.0,SAC,PF,75.0,39.0,1748.0,7.8,15.4,0.507,0.0,0.1,0.0,7.8,15.3,0.51,0.507,3.5,5.8,0.605,4.2,8.9,13.1,2.5,0.8,1.3,2.9,6.1,19.1,106.0,109.0,
155.0,Lou Williams,24.0,PHI,SG,75.0,0.0,1747.0,9.7,23.8,0.406,2.6,7.6,0.348,7.0,16.2,0.434,0.462,8.8,10.7,0.823,1.0,3.5,4.5,7.6,1.4,0.5,3.1,3.8,30.8,111.0,108.0,6MOY-6
156.0,Taj Gibson,25.0,CHI,PF,80.0,19.0,1742.0,7.1,15.3,0.466,0.0,0.2,0.125,7.1,15.1,0.472,0.467,3.0,4.5,0.676,4.9,9.0,14.0,1.8,1.2,3.2,2.2,6.2,17.4,106.0,98.0,
157.0,Chase Budinger,22.0,HOU,SF,78.0,22.0,1738.0,8.2,19.2,0.425,2.6,8.0,0.325,5.6,11.2,0.497,0.493,3.5,4.0,0.855,1.5,6.7,8.2,3.7,1.2,0.5,2.0,3.3,22.4,110.0,110.0,
158.0,DeJuan Blair,21.0,SAS,PF,81.0,65.0,1734.0,8.8,17.5,0.501,0.0,0.1,0.0,8.8,17.4,0.503,0.501,2.7,4.1,0.657,6.4,10.5,16.9,2.3,2.8,1.3,3.4,6.4,20.2,106.0,100.0,
159.0,Courtney Lee,25.0,HOU,SG,81.0,1.0,1723.0,7.5,17.0,0.439,2.1,5.1,0.408,5.4,11.9,0.453,0.501,2.8,3.5,0.792,1.5,4.7,6.2,3.0,1.7,0.5,2.0,3.0,19.9,108.0,110.0,
160.0,Jarrett Jack,27.0,2TM,SG,83.0,15.0,1722.0,8.1,19.8,0.408,1.0,3.4,0.306,7.1,16.5,0.429,0.434,5.7,6.7,0.85,0.6,4.8,5.4,7.5,1.7,0.2,3.4,3.2,22.9,102.0,109.0,
161.0,Spencer Hawes,22.0,PHI,C,81.0,81.0,1718.0,8.0,17.3,0.465,0.3,1.1,0.243,7.8,16.2,0.48,0.473,1.4,2.7,0.534,3.9,10.2,14.2,3.7,0.9,2.2,3.0,6.1,17.8,97.0,103.0,
162.0,Kwame Brown,28.0,CHA,C,66.0,50.0,1714.0,6.1,11.7,0.517,0.0,0.0,,6.1,11.7,0.517,0.517,4.2,7.2,0.589,4.6,9.5,14.1,1.3,0.8,1.2,2.2,5.4,16.4,110.0,108.0,
163.0,Omri Casspi,22.0,SAC,SF,71.0,27.0,1702.0,6.7,16.2,0.412,2.7,7.3,0.372,3.9,8.9,0.445,0.496,2.0,3.0,0.673,2.2,6.9,9.1,2.2,1.6,0.4,2.0,3.4,18.1,106.0,109.0,
164.0,Tracy McGrady,31.0,DET,SG,72.0,39.0,1686.0,7.2,16.4,0.442,1.0,2.8,0.341,6.3,13.6,0.462,0.471,2.9,4.1,0.698,1.6,6.5,8.0,8.0,2.1,1.1,3.3,3.2,18.3,104.0,110.0,
165.0,Darko Miličić,25.0,MIN,C,69.0,69.0,1686.0,8.0,17.1,0.469,0.0,0.0,,8.0,17.1,0.469,0.469,1.9,3.4,0.557,3.9,6.7,10.6,3.1,1.6,4.1,4.5,6.8,17.9,91.0,107.0,
166.0,Gary Neal,26.0,SAS,SG,80.0,1.0,1685.0,8.8,19.5,0.451,4.0,9.5,0.419,4.8,10.0,0.481,0.553,2.6,3.2,0.808,0.6,5.4,6.0,3.0,0.8,0.1,2.4,4.6,24.2,110.0,109.0,ROY-5
167.0,Mike Dunleavy,30.0,IND,SG,61.0,44.0,1683.0,7.2,15.7,0.462,3.1,7.6,0.402,4.2,8.0,0.519,0.56,3.0,3.8,0.8,0.8,7.5,8.3,3.2,1.2,0.9,2.1,3.2,20.5,115.0,107.0,
168.0,Willie Green,29.0,NOH,SG,77.0,13.0,1674.0,8.7,19.7,0.443,1.7,5.0,0.348,7.0,14.7,0.476,0.488,2.5,3.2,0.78,0.7,4.5,5.2,2.4,1.2,0.4,2.2,4.6,21.7,100.0,108.0,
169.0,J.J. Barea,26.0,DAL,PG,81.0,2.0,1669.0,9.0,20.4,0.439,2.1,6.0,0.349,6.9,14.5,0.476,0.49,4.2,4.9,0.847,0.9,4.1,5.0,10.0,0.9,0.0,4.3,4.3,24.2,106.0,109.0,
170.0,Charlie Villanueva,26.0,DET,PF,76.0,11.0,1666.0,10.1,22.9,0.442,4.0,10.4,0.387,6.1,12.4,0.488,0.53,2.9,3.7,0.767,1.6,7.9,9.5,1.6,1.4,1.4,2.1,5.7,27.1,109.0,111.0,
171.0,Al Harrington,30.0,DEN,PF,73.0,3.0,1665.0,8.5,20.4,0.416,3.5,9.9,0.357,4.9,10.5,0.473,0.503,2.6,3.5,0.735,2.3,7.7,10.0,3.0,1.2,0.3,3.2,6.1,23.1,101.0,108.0,
172.0,Gerald Henderson,23.0,CHA,SG,68.0,30.0,1661.0,8.3,18.4,0.454,0.2,1.2,0.194,8.1,17.2,0.472,0.461,4.1,5.3,0.785,1.6,5.1,6.7,3.3,1.6,1.0,2.1,3.8,21.1,104.0,109.0,
173.0,Kyle Korver,29.0,CHI,SG,82.0,0.0,1649.0,7.8,17.9,0.434,3.9,9.3,0.415,3.9,8.6,0.455,0.542,2.5,2.8,0.885,0.4,4.4,4.8,4.0,1.1,0.6,1.9,5.0,21.9,115.0,104.0,
175.0,Sasha Vujačić,26.0,2TM,SG,67.0,17.0,1648.0,7.7,19.3,0.402,3.1,8.5,0.37,4.6,10.8,0.426,0.483,2.6,3.1,0.844,1.0,5.1,6.0,4.3,1.7,0.2,2.1,4.4,21.2,104.0,111.0,
176.0,Dante Cunningham,23.0,2TM,PF,78.0,18.0,1637.0,7.2,15.6,0.462,0.0,0.4,0.077,7.2,15.2,0.473,0.463,1.5,2.1,0.726,3.2,6.0,9.2,1.4,1.8,1.4,1.7,5.9,16.0,101.0,107.0,
177.0,Reggie Williams,24.0,GSW,SF,80.0,9.0,1626.0,8.3,17.8,0.469,3.2,7.5,0.423,5.2,10.3,0.502,0.558,3.1,4.2,0.746,1.4,5.3,6.7,3.8,0.9,0.1,1.8,3.9,23.0,118.0,114.0,
178.0,Darrell Arthur,22.0,MEM,PF,80.0,9.0,1609.0,10.1,20.3,0.497,0.0,0.2,0.0,10.1,20.1,0.502,0.497,3.5,4.3,0.813,3.7,7.4,11.1,1.7,1.7,2.0,2.9,7.4,23.7,106.0,104.0,
179.0,Ed Davis,21.0,TOR,PF,65.0,17.0,1602.0,6.9,12.0,0.576,0.0,0.0,,6.9,12.0,0.576,0.576,2.3,4.1,0.555,5.4,9.5,14.9,1.3,1.3,2.2,1.5,5.9,16.2,120.0,110.0,
180.0,Josh McRoberts,23.0,IND,PF,72.0,51.0,1597.0,6.7,12.2,0.547,0.7,1.9,0.383,6.0,10.3,0.577,0.576,2.8,3.8,0.739,3.5,8.7,12.1,4.8,1.5,1.8,3.0,5.2,16.9,116.0,104.0,
182.0,Steve Blake,30.0,LAL,PG,79.0,0.0,1581.0,3.7,10.2,0.359,2.4,6.5,0.378,1.2,3.8,0.327,0.479,0.9,1.0,0.867,0.6,4.6,5.2,5.7,1.3,0.1,2.4,3.3,10.7,101.0,108.0,
183.0,Mario Chalmers,24.0,MIA,PG,70.0,28.0,1579.0,5.2,13.0,0.399,2.8,7.7,0.359,2.4,5.3,0.459,0.506,1.8,2.1,0.871,0.4,4.5,4.9,5.9,2.5,0.2,3.0,5.3,14.9,103.0,104.0,
184.0,Sam Young,25.0,MEM,SF,78.0,46.0,1577.0,7.7,16.4,0.472,0.6,1.7,0.34,7.2,14.7,0.486,0.489,2.9,3.8,0.767,1.3,4.9,6.2,2.4,2.3,0.8,2.0,4.0,18.9,106.0,106.0,
186.0,Nenad Krstić,27.0,2TM,C,71.0,67.0,1571.0,7.7,15.0,0.511,0.0,0.0,,7.7,15.0,0.511,0.511,3.8,4.9,0.774,4.1,7.0,11.1,0.9,0.9,0.8,1.9,6.1,19.1,113.0,107.0,
189.0,Randy Foye,27.0,LAC,SG,63.0,24.0,1551.0,6.9,17.7,0.388,2.4,7.2,0.327,4.5,10.5,0.43,0.455,4.4,5.0,0.893,0.4,3.0,3.4,5.7,1.6,0.7,3.2,4.1,20.5,103.0,112.0,
191.0,Maurice Evans,32.0,2TM,SF,73.0,24.0,1549.0,6.0,14.4,0.417,1.9,5.7,0.329,4.1,8.7,0.475,0.482,1.8,2.0,0.897,1.8,3.5,5.3,1.5,1.2,0.5,1.1,4.4,15.6,107.0,112.0,
192.0,Marcus Camby,36.0,POR,C,59.0,51.0,1540.0,4.1,10.4,0.398,0.0,0.0,0.0,4.1,10.4,0.399,0.398,1.5,2.5,0.614,6.5,15.0,21.5,4.3,1.4,3.3,2.2,5.0,9.8,105.0,100.0,
193.0,Tyler Hansbrough,25.0,IND,PF,70.0,29.0,1535.0,9.4,20.2,0.465,0.0,0.1,0.0,9.4,20.2,0.466,0.465,6.5,8.4,0.779,4.8,7.3,12.1,1.4,1.2,0.5,2.5,5.3,25.3,109.0,107.0,
195.0,Nick Collison,30.0,OKC,C,71.0,2.0,1524.0,4.7,8.2,0.566,0.0,0.0,,4.7,8.2,0.566,0.566,1.9,2.5,0.753,4.0,6.7,10.7,2.3,1.4,1.1,1.9,7.1,11.2,120.0,108.0,
196.0,JJ Redick,26.0,ORL,SG,59.0,5.0,1513.0,6.9,15.5,0.441,3.0,7.6,0.397,3.8,7.9,0.482,0.538,3.9,4.5,0.875,0.2,3.7,3.9,3.5,1.0,0.1,1.8,2.8,20.6,117.0,106.0,6MOY-15
197.0,Corey Brewer,24.0,2TM,SG,69.0,24.0,1510.0,6.4,16.2,0.395,1.0,3.7,0.268,5.4,12.5,0.434,0.426,4.5,6.4,0.708,1.9,3.9,5.8,2.9,3.3,0.5,2.9,5.3,18.3,98.0,109.0,
198.0,Ersan İlyasova,23.0,MIL,PF,60.0,34.0,1505.0,7.9,18.0,0.436,1.3,4.3,0.298,6.6,13.7,0.479,0.471,3.3,3.7,0.894,3.7,9.2,13.0,2.0,1.8,0.9,2.2,5.6,20.3,105.0,101.0,
201.0,Jerryd Bayless,22.0,2TM,PG,71.0,14.0,1496.0,7.6,17.9,0.422,1.7,5.1,0.336,5.9,12.9,0.456,0.469,5.8,7.1,0.806,0.9,4.8,5.7,9.2,1.3,0.2,4.4,5.2,22.6,105.0,114.0,
202.0,Tony Allen,29.0,MEM,SG,72.0,31.0,1494.0,8.8,17.2,0.51,0.1,0.8,0.174,8.6,16.4,0.527,0.514,4.8,6.4,0.753,2.4,4.3,6.7,3.6,4.5,1.5,3.0,5.6,22.5,110.0,101.0,"DPOY-4,6MOY-11"
206.0,Austin Daye,22.0,DET,SF,72.0,16.0,1446.0,7.2,17.5,0.41,2.6,6.4,0.401,4.6,11.1,0.415,0.483,3.1,4.0,0.759,2.4,7.8,10.2,2.9,1.5,1.5,2.2,6.1,20.0,106.0,110.0,
207.0,Matt Bonner,30.0,SAS,PF,66.0,1.0,1432.0,6.2,13.5,0.464,3.8,8.4,0.457,2.4,5.1,0.475,0.605,1.2,1.6,0.744,2.2,6.5,8.7,2.2,0.9,0.8,1.0,4.0,17.5,125.0,108.0,6MOY-15
208.0,Ryan Anderson,22.0,ORL,PF,64.0,14.0,1424.0,8.3,19.4,0.43,5.0,12.6,0.393,3.4,6.8,0.5,0.558,3.5,4.3,0.812,4.8,8.3,13.1,1.9,1.1,1.4,1.8,5.1,25.2,122.0,102.0,
210.0,Sonny Weems,24.0,TOR,SF,59.0,28.0,1413.0,8.3,18.8,0.444,0.6,2.2,0.279,7.7,16.5,0.467,0.461,2.6,3.4,0.766,1.4,4.2,5.6,3.8,1.2,0.1,3.1,3.2,19.9,96.0,116.0,
211.0,Corey Maggette,31.0,MIL,SF,67.0,18.0,1401.0,9.7,21.3,0.453,1.1,3.0,0.359,8.6,18.4,0.468,0.478,10.3,12.4,0.834,1.7,7.5,9.2,3.2,0.8,0.2,4.8,6.7,30.7,105.0,105.0,
212.0,Andris Biedriņš,24.0,GSW,C,59.0,55.0,1397.0,5.1,9.6,0.534,0.0,0.0,,5.1,9.6,0.534,0.534,0.4,1.1,0.323,5.3,10.2,15.4,2.2,1.9,1.9,2.1,7.2,10.7,109.0,107.0,
217.0,Anthony Tolliver,25.0,MIN,SF,65.0,4.0,1362.0,5.2,11.4,0.45,1.7,4.2,0.409,3.4,7.2,0.475,0.526,3.8,4.8,0.802,3.4,7.4,10.8,3.0,1.0,1.0,1.8,5.3,15.9,122.0,112.0,
219.0,Shawne Williams,24.0,NYK,PF,64.0,11.0,1323.0,6.2,14.6,0.426,3.2,8.0,0.401,3.0,6.6,0.457,0.536,1.6,1.9,0.837,2.3,6.8,9.1,1.8,1.5,1.9,1.7,6.2,17.2,111.0,109.0,
221.0,Aaron Brooks,26.0,2TM,PG,59.0,12.0,1284.0,8.7,23.3,0.375,2.8,9.4,0.297,5.9,13.9,0.427,0.434,4.9,5.6,0.886,0.8,2.3,3.1,9.2,1.3,0.1,3.9,4.6,25.1,102.0,113.0,
223.0,Paul George,20.0,IND,SG,61.0,19.0,1265.0,7.2,15.8,0.453,1.6,5.5,0.297,5.5,10.3,0.537,0.505,3.1,4.0,0.762,1.5,7.5,9.0,2.6,2.5,1.0,2.8,5.1,19.1,103.0,104.0,
